deriv_thresh,drop_frac,mae_start,mae_end,mae_combined,n
0.015,0.15,5.64,7.44,6.54,113
0.018,0.15,5.81,7.44,6.62,113
0.022,0.15,5.82,7.44,6.63,113
0.015,0.1,5.64,7.67,6.65,113
0.012,0.15,5.91,7.44,6.68,113
0.01,0.15,5.97,7.44,6.71,113
0.018,0.1,5.81,7.67,6.74,113
0.022,0.1,5.82,7.67,6.75,113
0.012,0.1,5.91,7.67,6.79,113
0.01,0.1,5.97,7.67,6.82,113
0.015,0.2,5.64,8.16,6.9,113
0.008,0.15,6.37,7.44,6.91,113
0.018,0.2,5.81,8.16,6.98,113
0.022,0.2,5.82,8.16,6.99,113
0.008,0.1,6.37,7.67,7.02,113
0.012,0.2,5.91,8.16,7.04,113
0.027,0.15,6.65,7.44,7.04,113
0.01,0.2,5.97,8.16,7.07,113
0.027,0.1,6.65,7.67,7.16,113
0.008,0.2,6.37,8.16,7.27,113
0.027,0.2,6.65,8.16,7.4,113
0.015,0.25,5.64,10.38,8.01,113
0.018,0.25,5.81,10.38,8.09,113
0.022,0.25,5.82,10.38,8.1,113
0.012,0.25,5.91,10.38,8.15,113
0.01,0.25,5.97,10.38,8.18,113
0.008,0.25,6.37,10.38,8.38,113
0.027,0.25,6.65,10.38,8.51,113
0.015,0.3,5.64,11.94,8.79,113
0.018,0.3,5.81,11.94,8.87,113
0.022,0.3,5.82,11.94,8.88,113
0.012,0.3,5.91,11.94,8.92,113
0.01,0.3,5.97,11.94,8.96,113
0.008,0.3,6.37,11.94,9.15,113
0.027,0.3,6.65,11.94,9.29,113
0.015,0.35,5.64,13.52,9.58,113
0.018,0.35,5.81,13.52,9.66,113
0.022,0.35,5.82,13.52,9.67,113
0.012,0.35,5.91,13.52,9.72,113
0.01,0.35,5.97,13.52,9.75,113
0.008,0.35,6.37,13.52,9.95,113
0.027,0.35,6.65,13.52,10.08,113
0.015,0.4,5.64,15.93,10.78,113
0.018,0.4,5.81,15.93,10.87,113
0.022,0.4,5.82,15.93,10.88,113
0.012,0.4,5.91,15.93,10.92,113
0.01,0.4,5.97,15.93,10.95,113
0.008,0.4,6.37,15.93,11.15,113
0.027,0.4,6.65,15.93,11.29,113
