name,final_model,comment
abo,model1,both are good
aga,model1,either
agu,model1,either
ama,model1,either
apa,model1,either
api,model1,either
apii,model1,either
apo,model1,either
aso,model1,either
ati,model1,either
atii,model1,either
elo,model1,
eru,model1,
esu,model1,
idi,model1,
idii,model1,
ido,model1,
idu,model1,either
ifu,model1,
igi,model1,
igu,model1,
ika,model1,has blinks but no M2
ili,model1,small blink but ok
ilu,model1,
ima,model1,either
isi,model1,
isii,model1,small blink m1. ok if needed.
isu,model1,
ita,model1,small blink m1 .  ok
odi,model1,
ogu,model1,
oma,model1,
omi,model1,
omii,model1,
ona,model1,
oni,model1,
opii,model1,chosen m1 - small blink and does weird thing with arms - but only cos on repeat i think
oro,model1,
ota,model1,
ubo,model1,
udi,model1,
udii,model1,small blink m1. but ok
ufa,model1,
ufii,model1,
ufu,model1,
uga,model1,m2 is better
uku,model1,m2 better
ulo,model1,small blink but ok
umii,model1,
umo,model1,
umu,model1,
upi,model1,blink for m1. chosen.   but m2 is better
upii,model1,
upo,model1,
uru,model1,
uso,model1,
uta,model1,
uti,model1,
utii,model1,
uto,model1,
abii,model2,
ada,model2,either
afa,model2,
afo,model2,
ako,model2,
alo,model2,slight blink model 1 . more model 2
ata,model2,blinks model 1
ato,model2,blinks model 1
atu,model2,blinks model 1
eda,model2,blinks model 1
edii,model2,
edo,model2,blinks model 1
edu,model2,blinks m1
efa,model2,blinks model 1
efi,model2,blinks model 1
efii,model2,blinks model 1 - not TOO bad if need it
efo,model2,binks model 1 . not too bad if neeeded
ega,model2,blinks m1
egii,model2,blnks m1 .  not too bad if needed
egu,model2,blinks m1
ena,model2,blinks m1 . not tooo bad if needed
epo,model2,blinks m1 . not too bad
eti,model2,blinks m1
eto,model2,blinks m1
etu,model2,blinks m1. not too bad if needed
ifa,model2,blinks m1
ifii,model2,blinks m1
igii,model2,small blink m1. can use if needed
ilii,model2,blinks m1
ini,model2,blink m1 but ok if needed
inii,model2,blinks m1
ino,model2,blink m1 - but ok if needed
ipa,model2,blinks m1
ipo,model2,blinks m1
iro,model2,blinks m1
iru,model2,blinks m1
isa,model2,blinks m1
ito,model2,blink m1 .  not too bad if really needed
obi,model2,blinks m1
obii,model2,blinks m1 . not too bad if needed
odii,model2,blink m1 . not too bad if needed
odu,model2,
ofa,model2,
ofo,model2,blinks m1 . not tooooo bad if needed
ogo,model2,
oka,model2,blinks m1
oki,model2,blnks m1
okii,model2,blinks m1
oli,model2,blinks m1
olii,model2,blinks m1 . not too bad if needed
olo,model2,blnks m1 not too bad if needed
onii,model2,blnks m1
opi,model2,blinks m1 . not too bad if needed
ora,model2,blnks m1
oru,model2,blnks m1
osa,model2,blnks m1
osu,model2,blnks m1. not too bad if needed
udo,model2,
ufi,model2,m2 is better
umi,model2,blnkks not too bad for m1 if needed
