name,final_model,note,comment
aunt,model1,originally M1,m1 blinks but ok
baby,model1,originally M1,both blinked and m2 appears premature
balloon,model1,originally M1,M1 mouths the word while m2 uses nonmanual marker...
bath,model1,originally M1,a bit odd to see hands move in opposite direction... both blink and both are equally ok
belt,model1,originally M1,both are acceptable imho
bird,model1,originally M1,M2 seems to be signing while M1 looks more canonical... both work.
biscuit,model1,originally M1,both signs are a bit odd... esp M2 with changes in handshape?
book,model1,switched M2→M1,M1 blinks but both ok
bowl,model1,originally M1,M1 blinks but both ok M2 starting point a bit asymmetrical
box,model1,switched M2→M1,both acceptable
boy,model1,switched M2→M1,both acceptable M1 seems stiff
brother,model1,switched M2→M1,both acceptable M1 blinks
bus,model1,originally M1,M1 blinks but still ok
butter,model1,originally M1,M1 blinks M2 palm orientation seems a bit off but both acceptable
cake,model1,switched M2→M1,both ok
car,model1,originally M1,M1 blinks but both okay
cheese,model1,switched M2→M1,M1 blinks but both ok
children,model1,switched M2→M1,both okay but usually use two movements for children
chocolate,model1,originally M1,both work
coffee,model1,switched M2→M1,both work but slight issue with bg colour again in M1
cow,model1,originally M1,M2 movement seems odd
deer,model1,originally M1,both work but bg colour a bit off in M1
doctor,model1,originally M1,hard to see where thumb is in M2
dog,model1,switched M2→M1,both work but M2 seems clearer/natural
door,model1,originally M1,both work fine
drawer,model1,switched M2→M1,M1 blinks but both ok
egg,model1,switched M2→M1,both work but M2 more clear
eyes,model1,switched M2→M1,M1 blinks but both ok
football,model1,originally M1,Both okay but M1 more acceptable because both hands move
game,model1,originally M1,both work fine
girl,model1,originally M1,both fine
hat,model1,originally M1,M1 again blinks and bg colour but clearer
helicopter,model1,originally M1,M2 hands do not touch each other... a bit odd
horse,model1,originally M1,both work M2 blinks in this one
insect,model1,originally M1,M1 blinks but sign s clearer
jacket,model1,originally M1,both blink and both work
key,model1,originally M1,both work
man,model1,originally M1,M1 blnks but more clear as M2 looks like goat
meat,model1,originally M1,Different handshapes. If use m2 should move twice.
milk,model1,originally M1,both work
mirror,model1,originally M1,both work even if hs slightly different...
moon,model1,originally M1,both work M1 seem clearer
motorcycle,model1,switched M2→M1,m1 blinks but both work
nut,model1,originally M1,both work
orange,model1,switched M2→M1,M1 blinks but both work
people,model1,originally M1,M2 movement a bit off
sandwich,model1,originally M1,both work
school,model1,switched M2→M1,M1 blinks both ok but M2 clearer
shower,model1,originally M1,both work
snake,model1,originally M1,both work
snow,model1,originally M1,both awkward but if i have to choose its M1
sweets,model1,originally M1,both work
table,model1,originally M1,both work
teacher,model1,originally M1,both work M2 blnks
telephone,model1,switched M2→M1,both fine but M2 clearer
toilet,model1,originally M1,both work
train,model1,switched M2→M1,both fine but M2 more natural
washing_machine,model1,switched M2→M1,both fine but M2 seems clearer/natural
water,model1,switched M2→M1,both work but bg colour issue in M1
woman,model1,originally M1,both work
aeroplane,model2,M2 retained,m1 ok if needed
animal,model2,M2 retained,m1 blink but ok
apple,model2,M2 retained,m1 signs outwardly but ok if needed
ball,model2,M2 hard (M1 disqualified),m1 different handshape/palm orientation
banana,model2,M2 retained,M1 blinks still ok to use
bear,model2,M2 hard (M1 disqualified),M1 does not look right... may be an editing error.
bed,model2,M2 retained,M1 blinks but ok if needed
blanket,model2,M2 hard (M1 disqualified),M1 starting point s  blurry
boat,model2,M2 hard (M1 disqualified),m1 palm orientation
bread,model2,M2 retained,m2 looks more natural... could improve if edited well
butterfly,model2,M2 hard (M1 disqualified),M1 handshape not closed B and movement looks a bit off- finger wiggling.. soft blink as well...
camera,model2,M2 retained,M1 sign seems low in space in contrast to M2
carrot,model2,M2 retained,background colour issue in M1
cat,model2,M2 hard (M1 disqualified),Again background colour interfering in M1... and movement a bit elongated.
chips,model2,M2 hard (M1 disqualified),M1 movement seems off.
cloud,model2,M2 hard (M1 disqualified),Location seems a bit off in M1
crocodile,model2,M2 retained,m2 seems better but needs a bit of editing
duck,model2,M2 retained,M1 blinks a lot
ear,model2,M2 hard (M1 disqualified),M1 different handshape.
elephant,model2,M2 hard (M1 disqualified),M1 movement seems slightly different but still ok
face,model2,M2 retained,M1 blinks twice
father,model2,M2 retained,M1 blinks but still okay if needed
fish,model2,M2 hard (M1 disqualified),M1 handshape/movement stiff
flower,model2,M2 hard (M1 disqualified),M1 blinks and location a bit low.
forest,model2,M2 hard (M1 disqualified),M1 palm orientation/base hand a bit off
friend,model2,M2 retained,M2 seems more natural and clear
grapes,model2,M2 retained,M1 blinks but still acceptable/clear
grass,model2,M2 hard (M1 disqualified),again M1 location/palm orientation a bit off
hair,model2,M2 hard (M1 disqualified),M1 background colour and handshape a bit different but still acceptable
hammer,model2,M2 retained,M1 blinks but still okay if needed
head,model2,M2 hard (M1 disqualified),M1 handshape/movement seems stiff/not natural
house,model2,M2 retained,M2 looks more natural. M1 pauses a bit.
ice cream,model2,M2 retained,both blink so both work but i find m2 more clear
lamp,model2,M2 hard (M1 disqualified),M1 blnks and looks like sun than a lamp
lion,model2,M2 retained,both blink but m2 more clear
monkey,model2,M2 hard (M1 disqualified),M1 handshape a bit off.
mother,model2,M2 retained,m1 bg colour issue... m2 more clear
mouse,model2,M2 retained,M1 blinks but both work
mouth,model2,M2 retained,M2 blinks but clearer
night,model2,M2 retained,M1 blinks. M2 clearer
owl,model2,M2 retained,M1 bg colour off...
pencil,model2,M2 hard (M1 disqualified),m2 handshape clearer and m1 blinks
pig,model2,M2 retained,M1 bg colour issue but both work
plate,model2,M2 retained,M1 blinks but both work
police,model2,M2 retained,M1 blinks but both work
rain,model2,M2 retained,M1 bg colour and movement less natural in contrast to m2
rubbish,model2,M2 retained,both awkward but m2 clearer
scissors,model2,M2 retained,M1 blinks twice. still ok if needed
sheep,model2,M2 hard (M1 disqualified),movement a bit off M1 and M1 blinks.
shoes,model2,M2 hard (M1 disqualified),handshape off M1. M2 clearer
socks,model2,M2 retained,
spaghetti,model2,M2 retained,M1 blinks but both work
stairs,model2,M2 retained,M1 blinks but both fine... M2 clearer
star,model2,M2 retained,M2 clearer and one movement...
strawberry,model2,M2 retained,M1 blinks
tea,model2,M2 retained,M1 bg colour issue
tomato,model2,M2 retained,both fine M2 clearer tho
toothbrush,model2,M2 hard (M1 disqualified),M1 palm orientation a bit off and bg colour too
tree,model2,M2 hard (M1 disqualified),location sign for tree a bit strange in M1
turtle,model2,M2 hard (M1 disqualified),M1 handshape and movement a bit off
