condition,video
exp,01_orange_m1_t.mp4
exp,02_grapes_m1_t.mp4
exp,03_apple_m1_t.mp4
exp,04_mouse_m1_t.mp4
exp,05_lion_m1_t.mp4
exp,06_monkey_m1_t.mp4
exp,07_train_m1_t.mp4
exp,08_bus_m1_t.mp4
exp,09_bicycle_m1_t.mp4
exp,10_orange_m2_t.mp4
exp,11_grapes_m2_t.mp4
exp,12_apple_m2_t.mp4
exp,13_mouse_m2_t.mp4
exp,14_lion_m2_t.mp4
exp,15_monkey_m2_t.mp4
exp,16_train_m2_t.mp4
exp,17_bus_m2_t.mp4
exp,18_bicycle_m2_t.mp4
exp,19_banana_m1_w.mp4
exp,20_strawberry_m2_w.mp4
exp,21_lemon_m1_w.mp4
exp,22_pear_m2_w.mp4
exp,23_cherry_m1_w.mp4
exp,24_pineapple_m2_w.mp4
exp,25_goat_m1_w.mp4
exp,26_pig_m2_w.mp4
exp,27_dog_m1_w.mp4
exp,28_cat_m2_w.mp4
exp,29_giraffe_m1_w.mp4
exp,30_rabbit_m2_w.mp4
exp,31_aeroplane_m1_w.mp4
exp,32_helicopter_m2_w.mp4
exp,33_lorry_m1_w.mp4
exp,34_car_m2_w.mp4
exp,35_motorcycle_m1_w.mp4
exp,36_boat_m2_w.mp4
exp,37_umbrella_m1_o.mp4
exp,38_boot_m2_o.mp4
exp,39_chair_m1_o.mp4
exp,40_hat_m2_o.mp4
exp,41_gloves_m1_o.mp4
exp,42_belt_m2_o.mp4
exp,43_book_m1_o.mp4
exp,44_glasses_m2_o.mp4
exp,45_shirt_m1_o.mp4
exp,46_door_m2_o.mp4
exp,47_dress_m1_o.mp4
exp,48_house_m2_o.mp4
exp,49_saw_m1_o.mp4
exp,50_pen_m2_o.mp4
exp,51_scissors_m1_o.mp4
exp,52_hammer_m2_o.mp4
exp,53_box_m1_o.mp4
cont,54_window_m2_o.mp4
cont,54_window_m2_o.mp5
cont,54_window_m2_o.mp6
cont,54_window_m2_o.mp7
cont,54_window_m2_o.mp8
cont,54_window_m2_o.mp9
cont,54_window_m2_o.mp10
cont,54_window_m2_o.mp11
cont,54_window_m2_o.mp12
cont,54_window_m2_o.mp13
cont,54_window_m2_o.mp14
cont,54_window_m2_o.mp15
cont,54_window_m2_o.mp16
cont,54_window_m2_o.mp17
cont,54_window_m2_o.mp18
cont,54_window_m2_o.mp19
cont,54_window_m2_o.mp20
cont,54_window_m2_o.mp21
cont,54_window_m2_o.mp22
cont,54_window_m2_o.mp23
cont,54_window_m2_o.mp24
cont,54_window_m2_o.mp25
cont,54_window_m2_o.mp26
cont,54_window_m2_o.mp27
cont,54_window_m2_o.mp28
cont,54_window_m2_o.mp29
cont,54_window_m2_o.mp30
cont,54_window_m2_o.mp31
cont,54_window_m2_o.mp32
cont,54_window_m2_o.mp33
cont,54_window_m2_o.mp34
cont,54_window_m2_o.mp35
