deriv_thresh,drop_frac,breakout_thresh,mae_start,mae_end,mae_combined,n
0.008,0.2,0.3,51.0,53.08,52.04,13
0.01,0.2,0.3,51.0,53.08,52.04,13
0.012,0.2,0.3,51.0,53.08,52.04,13
0.015,0.2,0.3,51.0,53.08,52.04,13
0.018,0.2,0.3,51.0,53.08,52.04,13
0.022,0.2,0.3,51.0,53.08,52.04,13
0.027,0.2,0.3,51.0,53.08,52.04,13
0.008,0.25,0.3,51.0,53.54,52.27,13
0.01,0.25,0.3,51.0,53.54,52.27,13
0.012,0.25,0.3,51.0,53.54,52.27,13
0.015,0.25,0.3,51.0,53.54,52.27,13
0.018,0.25,0.3,51.0,53.54,52.27,13
0.022,0.25,0.3,51.0,53.54,52.27,13
0.027,0.25,0.3,51.0,53.54,52.27,13
0.008,0.15,0.3,51.0,53.62,52.31,13
0.01,0.15,0.3,51.0,53.62,52.31,13
0.012,0.15,0.3,51.0,53.62,52.31,13
0.015,0.15,0.3,51.0,53.62,52.31,13
0.018,0.15,0.3,51.0,53.62,52.31,13
0.022,0.15,0.3,51.0,53.62,52.31,13
0.027,0.15,0.3,51.0,53.62,52.31,13
0.008,0.1,0.3,51.0,53.85,52.42,13
0.01,0.1,0.3,51.0,53.85,52.42,13
0.012,0.1,0.3,51.0,53.85,52.42,13
0.015,0.1,0.3,51.0,53.85,52.42,13
0.018,0.1,0.3,51.0,53.85,52.42,13
0.022,0.1,0.3,51.0,53.85,52.42,13
0.027,0.1,0.3,51.0,53.85,52.42,13
0.008,0.3,0.3,51.0,54.0,52.5,13
0.01,0.3,0.3,51.0,54.0,52.5,13
0.012,0.3,0.3,51.0,54.0,52.5,13
0.015,0.3,0.3,51.0,54.0,52.5,13
0.018,0.3,0.3,51.0,54.0,52.5,13
0.022,0.3,0.3,51.0,54.0,52.5,13
0.027,0.3,0.3,51.0,54.0,52.5,13
0.008,0.2,0.25,52.0,53.08,52.54,13
0.01,0.2,0.25,52.0,53.08,52.54,13
0.012,0.2,0.25,52.0,53.08,52.54,13
0.015,0.2,0.25,52.0,53.08,52.54,13
0.018,0.2,0.25,52.0,53.08,52.54,13
0.022,0.2,0.25,52.0,53.08,52.54,13
0.027,0.2,0.25,52.0,53.08,52.54,13
0.008,0.25,0.25,52.0,53.54,52.77,13
0.008,0.35,0.3,51.0,54.54,52.77,13
0.01,0.25,0.25,52.0,53.54,52.77,13
0.01,0.35,0.3,51.0,54.54,52.77,13
0.012,0.25,0.25,52.0,53.54,52.77,13
0.012,0.35,0.3,51.0,54.54,52.77,13
0.015,0.25,0.25,52.0,53.54,52.77,13
0.015,0.35,0.3,51.0,54.54,52.77,13
0.018,0.25,0.25,52.0,53.54,52.77,13
0.018,0.35,0.3,51.0,54.54,52.77,13
0.022,0.25,0.25,52.0,53.54,52.77,13
0.022,0.35,0.3,51.0,54.54,52.77,13
0.027,0.25,0.25,52.0,53.54,52.77,13
0.027,0.35,0.3,51.0,54.54,52.77,13
0.008,0.15,0.25,52.0,53.62,52.81,13
0.01,0.15,0.25,52.0,53.62,52.81,13
0.012,0.15,0.25,52.0,53.62,52.81,13
0.015,0.15,0.25,52.0,53.62,52.81,13
0.018,0.15,0.25,52.0,53.62,52.81,13
0.022,0.15,0.25,52.0,53.62,52.81,13
0.027,0.15,0.25,52.0,53.62,52.81,13
0.008,0.1,0.25,52.0,53.85,52.92,13
0.008,0.2,0.2,52.77,53.08,52.92,13
0.01,0.1,0.25,52.0,53.85,52.92,13
0.01,0.2,0.2,52.77,53.08,52.92,13
0.012,0.1,0.25,52.0,53.85,52.92,13
0.012,0.2,0.2,52.77,53.08,52.92,13
0.015,0.1,0.25,52.0,53.85,52.92,13
0.015,0.2,0.2,52.77,53.08,52.92,13
0.018,0.1,0.25,52.0,53.85,52.92,13
0.018,0.2,0.2,52.77,53.08,52.92,13
0.022,0.1,0.25,52.0,53.85,52.92,13
0.022,0.2,0.2,52.77,53.08,52.92,13
0.027,0.1,0.25,52.0,53.85,52.92,13
0.027,0.2,0.2,52.77,53.08,52.92,13
0.008,0.3,0.25,52.0,54.0,53.0,13
0.01,0.3,0.25,52.0,54.0,53.0,13
0.012,0.3,0.25,52.0,54.0,53.0,13
0.015,0.3,0.25,52.0,54.0,53.0,13
0.018,0.3,0.25,52.0,54.0,53.0,13
0.022,0.3,0.25,52.0,54.0,53.0,13
0.027,0.3,0.25,52.0,54.0,53.0,13
0.008,0.4,0.3,51.0,55.15,53.08,13
0.01,0.4,0.3,51.0,55.15,53.08,13
0.012,0.4,0.3,51.0,55.15,53.08,13
0.015,0.4,0.3,51.0,55.15,53.08,13
0.018,0.4,0.3,51.0,55.15,53.08,13
0.022,0.4,0.3,51.0,55.15,53.08,13
0.027,0.4,0.3,51.0,55.15,53.08,13
0.008,0.25,0.2,52.77,53.54,53.15,13
0.01,0.25,0.2,52.77,53.54,53.15,13
0.012,0.25,0.2,52.77,53.54,53.15,13
0.015,0.25,0.2,52.77,53.54,53.15,13
0.018,0.25,0.2,52.77,53.54,53.15,13
0.022,0.25,0.2,52.77,53.54,53.15,13
0.027,0.25,0.2,52.77,53.54,53.15,13
0.008,0.15,0.2,52.77,53.62,53.19,13
0.01,0.15,0.2,52.77,53.62,53.19,13
0.012,0.15,0.2,52.77,53.62,53.19,13
0.015,0.15,0.2,52.77,53.62,53.19,13
0.018,0.15,0.2,52.77,53.62,53.19,13
0.022,0.15,0.2,52.77,53.62,53.19,13
0.027,0.15,0.2,52.77,53.62,53.19,13
0.008,0.35,0.25,52.0,54.54,53.27,13
0.01,0.35,0.25,52.0,54.54,53.27,13
0.012,0.35,0.25,52.0,54.54,53.27,13
0.015,0.35,0.25,52.0,54.54,53.27,13
0.018,0.35,0.25,52.0,54.54,53.27,13
0.022,0.35,0.25,52.0,54.54,53.27,13
0.027,0.35,0.25,52.0,54.54,53.27,13
0.008,0.1,0.2,52.77,53.85,53.31,13
0.01,0.1,0.2,52.77,53.85,53.31,13
0.012,0.1,0.2,52.77,53.85,53.31,13
0.015,0.1,0.2,52.77,53.85,53.31,13
0.018,0.1,0.2,52.77,53.85,53.31,13
0.022,0.1,0.2,52.77,53.85,53.31,13
0.027,0.1,0.2,52.77,53.85,53.31,13
0.008,0.2,0.15,53.69,53.08,53.38,13
0.008,0.3,0.2,52.77,54.0,53.38,13
0.01,0.2,0.15,53.69,53.08,53.38,13
0.01,0.3,0.2,52.77,54.0,53.38,13
0.012,0.2,0.15,53.69,53.08,53.38,13
0.012,0.3,0.2,52.77,54.0,53.38,13
0.015,0.2,0.15,53.69,53.08,53.38,13
0.015,0.3,0.2,52.77,54.0,53.38,13
0.018,0.2,0.15,53.69,53.08,53.38,13
0.018,0.3,0.2,52.77,54.0,53.38,13
0.022,0.2,0.15,53.69,53.08,53.38,13
0.022,0.3,0.2,52.77,54.0,53.38,13
0.027,0.2,0.15,53.69,53.08,53.38,13
0.027,0.3,0.2,52.77,54.0,53.38,13
0.008,0.4,0.25,52.0,55.15,53.58,13
0.01,0.4,0.25,52.0,55.15,53.58,13
0.012,0.4,0.25,52.0,55.15,53.58,13
0.015,0.4,0.25,52.0,55.15,53.58,13
0.018,0.4,0.25,52.0,55.15,53.58,13
0.022,0.4,0.25,52.0,55.15,53.58,13
0.027,0.4,0.25,52.0,55.15,53.58,13
0.008,0.25,0.15,53.69,53.54,53.62,13
0.01,0.25,0.15,53.69,53.54,53.62,13
0.012,0.25,0.15,53.69,53.54,53.62,13
0.015,0.25,0.15,53.69,53.54,53.62,13
0.018,0.25,0.15,53.69,53.54,53.62,13
0.022,0.25,0.15,53.69,53.54,53.62,13
0.027,0.25,0.15,53.69,53.54,53.62,13
0.008,0.15,0.15,53.69,53.62,53.65,13
0.008,0.35,0.2,52.77,54.54,53.65,13
0.01,0.15,0.15,53.69,53.62,53.65,13
0.01,0.35,0.2,52.77,54.54,53.65,13
0.012,0.15,0.15,53.69,53.62,53.65,13
0.012,0.35,0.2,52.77,54.54,53.65,13
0.015,0.15,0.15,53.69,53.62,53.65,13
0.015,0.35,0.2,52.77,54.54,53.65,13
0.018,0.15,0.15,53.69,53.62,53.65,13
0.018,0.35,0.2,52.77,54.54,53.65,13
0.022,0.15,0.15,53.69,53.62,53.65,13
0.022,0.35,0.2,52.77,54.54,53.65,13
0.027,0.15,0.15,53.69,53.62,53.65,13
0.027,0.35,0.2,52.77,54.54,53.65,13
0.008,0.1,0.15,53.69,53.85,53.77,13
0.01,0.1,0.15,53.69,53.85,53.77,13
0.012,0.1,0.15,53.69,53.85,53.77,13
0.015,0.1,0.15,53.69,53.85,53.77,13
0.018,0.1,0.15,53.69,53.85,53.77,13
0.022,0.1,0.15,53.69,53.85,53.77,13
0.027,0.1,0.15,53.69,53.85,53.77,13
0.008,0.2,0.1,54.54,53.08,53.81,13
0.01,0.2,0.1,54.54,53.08,53.81,13
0.012,0.2,0.1,54.54,53.08,53.81,13
0.015,0.2,0.1,54.54,53.08,53.81,13
0.018,0.2,0.1,54.54,53.08,53.81,13
0.022,0.2,0.1,54.54,53.08,53.81,13
0.027,0.2,0.1,54.54,53.08,53.81,13
0.008,0.3,0.15,53.69,54.0,53.85,13
0.01,0.3,0.15,53.69,54.0,53.85,13
0.012,0.3,0.15,53.69,54.0,53.85,13
0.015,0.3,0.15,53.69,54.0,53.85,13
0.018,0.3,0.15,53.69,54.0,53.85,13
0.022,0.3,0.15,53.69,54.0,53.85,13
0.027,0.3,0.15,53.69,54.0,53.85,13
0.008,0.4,0.2,52.77,55.15,53.96,13
0.01,0.4,0.2,52.77,55.15,53.96,13
0.012,0.4,0.2,52.77,55.15,53.96,13
0.015,0.4,0.2,52.77,55.15,53.96,13
0.018,0.4,0.2,52.77,55.15,53.96,13
0.022,0.4,0.2,52.77,55.15,53.96,13
0.027,0.4,0.2,52.77,55.15,53.96,13
0.008,0.25,0.1,54.54,53.54,54.04,13
0.01,0.25,0.1,54.54,53.54,54.04,13
0.012,0.25,0.1,54.54,53.54,54.04,13
0.015,0.25,0.1,54.54,53.54,54.04,13
0.018,0.25,0.1,54.54,53.54,54.04,13
0.022,0.25,0.1,54.54,53.54,54.04,13
0.027,0.25,0.1,54.54,53.54,54.04,13
0.008,0.15,0.1,54.54,53.62,54.08,13
0.01,0.15,0.1,54.54,53.62,54.08,13
0.012,0.15,0.1,54.54,53.62,54.08,13
0.015,0.15,0.1,54.54,53.62,54.08,13
0.018,0.15,0.1,54.54,53.62,54.08,13
0.022,0.15,0.1,54.54,53.62,54.08,13
0.027,0.15,0.1,54.54,53.62,54.08,13
0.008,0.35,0.15,53.69,54.54,54.12,13
0.01,0.35,0.15,53.69,54.54,54.12,13
0.012,0.35,0.15,53.69,54.54,54.12,13
0.015,0.35,0.15,53.69,54.54,54.12,13
0.018,0.35,0.15,53.69,54.54,54.12,13
0.022,0.35,0.15,53.69,54.54,54.12,13
0.027,0.35,0.15,53.69,54.54,54.12,13
0.008,0.1,0.1,54.54,53.85,54.19,13
0.01,0.1,0.1,54.54,53.85,54.19,13
0.012,0.1,0.1,54.54,53.85,54.19,13
0.015,0.1,0.1,54.54,53.85,54.19,13
0.018,0.1,0.1,54.54,53.85,54.19,13
0.022,0.1,0.1,54.54,53.85,54.19,13
0.027,0.1,0.1,54.54,53.85,54.19,13
0.008,0.3,0.1,54.54,54.0,54.27,13
0.01,0.3,0.1,54.54,54.0,54.27,13
0.012,0.3,0.1,54.54,54.0,54.27,13
0.015,0.3,0.1,54.54,54.0,54.27,13
0.018,0.3,0.1,54.54,54.0,54.27,13
0.022,0.3,0.1,54.54,54.0,54.27,13
0.027,0.3,0.1,54.54,54.0,54.27,13
0.008,0.4,0.15,53.69,55.15,54.42,13
0.01,0.4,0.15,53.69,55.15,54.42,13
0.012,0.4,0.15,53.69,55.15,54.42,13
0.015,0.4,0.15,53.69,55.15,54.42,13
0.018,0.4,0.15,53.69,55.15,54.42,13
0.022,0.4,0.15,53.69,55.15,54.42,13
0.027,0.4,0.15,53.69,55.15,54.42,13
0.008,0.35,0.1,54.54,54.54,54.54,13
0.01,0.35,0.1,54.54,54.54,54.54,13
0.012,0.35,0.1,54.54,54.54,54.54,13
0.015,0.35,0.1,54.54,54.54,54.54,13
0.018,0.35,0.1,54.54,54.54,54.54,13
0.022,0.35,0.1,54.54,54.54,54.54,13
0.027,0.35,0.1,54.54,54.54,54.54,13
0.008,0.2,0.05,56.23,53.08,54.65,13
0.01,0.2,0.05,56.23,53.08,54.65,13
0.012,0.2,0.05,56.23,53.08,54.65,13
0.015,0.2,0.05,56.23,53.08,54.65,13
0.018,0.2,0.05,56.23,53.08,54.65,13
0.022,0.2,0.05,56.23,53.08,54.65,13
0.027,0.2,0.05,56.23,53.08,54.65,13
0.008,0.4,0.1,54.54,55.15,54.85,13
0.01,0.4,0.1,54.54,55.15,54.85,13
0.012,0.4,0.1,54.54,55.15,54.85,13
0.015,0.4,0.1,54.54,55.15,54.85,13
0.018,0.4,0.1,54.54,55.15,54.85,13
0.022,0.4,0.1,54.54,55.15,54.85,13
0.027,0.4,0.1,54.54,55.15,54.85,13
0.008,0.25,0.05,56.23,53.54,54.88,13
0.01,0.25,0.05,56.23,53.54,54.88,13
0.012,0.25,0.05,56.23,53.54,54.88,13
0.015,0.25,0.05,56.23,53.54,54.88,13
0.018,0.25,0.05,56.23,53.54,54.88,13
0.022,0.25,0.05,56.23,53.54,54.88,13
0.027,0.25,0.05,56.23,53.54,54.88,13
0.008,0.15,0.05,56.23,53.62,54.92,13
0.01,0.15,0.05,56.23,53.62,54.92,13
0.012,0.15,0.05,56.23,53.62,54.92,13
0.015,0.15,0.05,56.23,53.62,54.92,13
0.018,0.15,0.05,56.23,53.62,54.92,13
0.022,0.15,0.05,56.23,53.62,54.92,13
0.027,0.15,0.05,56.23,53.62,54.92,13
0.008,0.1,0.05,56.23,53.85,55.04,13
0.01,0.1,0.05,56.23,53.85,55.04,13
0.012,0.1,0.05,56.23,53.85,55.04,13
0.015,0.1,0.05,56.23,53.85,55.04,13
0.018,0.1,0.05,56.23,53.85,55.04,13
0.022,0.1,0.05,56.23,53.85,55.04,13
0.027,0.1,0.05,56.23,53.85,55.04,13
0.008,0.3,0.05,56.23,54.0,55.12,13
0.01,0.3,0.05,56.23,54.0,55.12,13
0.012,0.3,0.05,56.23,54.0,55.12,13
0.015,0.3,0.05,56.23,54.0,55.12,13
0.018,0.3,0.05,56.23,54.0,55.12,13
0.022,0.3,0.05,56.23,54.0,55.12,13
0.027,0.3,0.05,56.23,54.0,55.12,13
0.008,0.35,0.05,56.23,54.54,55.38,13
0.01,0.35,0.05,56.23,54.54,55.38,13
0.012,0.35,0.05,56.23,54.54,55.38,13
0.015,0.35,0.05,56.23,54.54,55.38,13
0.018,0.35,0.05,56.23,54.54,55.38,13
0.022,0.35,0.05,56.23,54.54,55.38,13
0.027,0.35,0.05,56.23,54.54,55.38,13
0.008,0.4,0.05,56.23,55.15,55.69,13
0.01,0.4,0.05,56.23,55.15,55.69,13
0.012,0.4,0.05,56.23,55.15,55.69,13
0.015,0.4,0.05,56.23,55.15,55.69,13
0.018,0.4,0.05,56.23,55.15,55.69,13
0.022,0.4,0.05,56.23,55.15,55.69,13
0.027,0.4,0.05,56.23,55.15,55.69,13
